{
  "chunks0": {
    "bundleCount": 0,
    "bundles": [],
    "chunkCount": 3729,
    "name": "chunks0"
  },
  "chunks1": {
    "bundleCount": 0,
    "bundles": [],
    "chunkCount": 3742,
    "name": "chunks1"
  },
  "chunks2": {
    "bundleCount": 0,
    "bundles": [],
    "chunkCount": 3713,
    "name": "chunks2"
  },
  "default_settings_win32": {
    "bundleCount": 1,
    "bundles": [
      "default_settings_win32"
    ],
    "chunkCount": 0,
    "name": "default_settings_win32"
  },
  "globals": {
    "bundleCount": 2,
    "bundles": [
      "systems/frostbitestartupdata",
      "gameconfigurations/game"
    ],
    "chunkCount": 0,
    "name": "globals"
  },
  "levels/coop_002/coop_002": {
    "bundleCount": 18,
    "bundles": [
      "levels/coop_002/ab02_art_parent",
      "levels/coop_002/general_sluice_ab03_parent",
      "levels/coop_002/ab01_art_parent",
      "levels/coop_002/coop_002_uipreendofround",
      "levels/coop_002/ab02_parent",
      "levels/coop_002/coop_002_uiendofround",
      "levels/coop_002/general_sluice_ab02_parent",
      "levels/coop_002/coop_002_settings_win32",
      "levels/coop_002/coop_002_uiloadingsp",
      "levels/coop_002/coop_002",
      "levels/coop_002/coop_002_uiloadingmp",
      "levels/coop_002/coop_002_loading_music",
      "levels/coop_002/coop_002_uiplaying",
      "levels/coop_002/ab01_parent",
      "levels/coop_002/ab04_art_parent",
      "levels/coop_002/ab03_parent",
      "levels/coop_002/ab03_art_parent",
      "levels/coop_002/coop_002_gameconfiglight_win32"
    ],
    "chunkCount": 0,
    "name": "levels/coop_002/coop_002"
  },
  "levels/coop_003/coop_003": {
    "bundleCount": 18,
    "bundles": [
      "levels/coop_003/coop_003_uiloadingsp",
      "levels/coop_003/coop_003_gameconfiglight_win32",
      "levels/coop_003/ab00_art_sewer_parent",
      "levels/coop_003/coop_003_loading_music",
      "levels/coop_003/ab00_parent",
      "levels/coop_003/coop_003_uiendofround",
      "levels/coop_003/coop_003_uiloadingmp",
      "levels/coop_003/ab02_art_parent",
      "levels/coop_003/ab03_parent",
      "levels/coop_003/ab00_sewer_parent",
      "levels/coop_003/coop_003_settings_win32",
      "levels/coop_003/ab01_parent",
      "levels/coop_003/ab00_art_parent",
      "levels/coop_003/ab01_art_parent",
      "levels/coop_003/coop_003_uipreendofround",
      "levels/coop_003/coop_003",
      "levels/coop_003/coop_003_uiplaying",
      "levels/coop_003/ab02_parent"
    ],
    "chunkCount": 0,
    "name": "levels/coop_003/coop_003"
  },
  "levels/coop_006/coop_006": {
    "bundleCount": 15,
    "bundles": [
      "levels/coop_006/ab01_parent",
      "levels/coop_006/coop_006_uiloadingsp",
      "levels/coop_006/coop_006_uipreendofround",
      "levels/coop_006/ab00_vehicle_mobileaa_parent",
      "levels/coop_006/coop_006_uiloadingmp",
      "levels/coop_006/coop_006_uiendofround",
      "levels/coop_006/coop_006_settings_win32",
      "levels/coop_006/coop_006_uiplaying",
      "levels/coop_006/coop_006_gameconfiglight_win32",
      "levels/coop_006/ab01_gameplaycovers_parent",
      "levels/coop_006/coop_006",
      "levels/coop_006/ab02_parent",
      "levels/coop_006/ab01_mortarteam_parent",
      "levels/coop_006/ab03_parent",
      "levels/coop_006/coop_006_loading_music"
    ],
    "chunkCount": 0,
    "name": "levels/coop_006/coop_006"
  },
  "levels/coop_007/coop_007": {
    "bundleCount": 15,
    "bundles": [
      "levels/coop_007/coop_007_gameconfiglight_win32",
      "levels/coop_007/coop_007_settings_win32",
      "levels/coop_007/ab00_parent",
      "levels/coop_007/coop_007_uipreendofround",
      "levels/coop_007/coop_007_uiloadingsp",
      "levels/coop_007/ab01_parent",
      "levels/coop_007/ab04_parent",
      "levels/coop_007/coop_007",
      "levels/coop_007/stadium_ambience",
      "levels/coop_007/coop_007_uiloadingmp",
      "levels/coop_007/coop_007_uiendofround",
      "levels/coop_007/ab05_parent",
      "levels/coop_007/coop_007_loading_music",
      "levels/coop_007/ab02_parent",
      "levels/coop_007/coop_007_uiplaying"
    ],
    "chunkCount": 0,
    "name": "levels/coop_007/coop_007"
  },
  "levels/coop_009/coop_009": {
    "bundleCount": 20,
    "bundles": [
      "levels/coop_009/ab00_art_interior_parent",
      "levels/coop_009/coop_009_uiplaying",
      "levels/coop_009/ab02_parent",
      "levels/coop_009/coop_009_loading_music",
      "levels/coop_009/ab_art_road_2_parent",
      "levels/coop_009/coop_009_uiloadingmp",
      "levels/coop_009/coop_009_settings_win32",
      "levels/coop_009/ab03_art_parent",
      "levels/coop_009/ab02_art_parent",
      "levels/coop_009/ab00_parent",
      "levels/coop_009/coop_009_uiendofround",
      "levels/coop_009/ab01_parent",
      "levels/coop_009/ab03_parent",
      "levels/coop_009/coop_009_gameconfiglight_win32",
      "levels/coop_009/coop_009",
      "levels/coop_009/coop_009_uipreendofround",
      "levels/coop_009/ab_art_road_1_parent",
      "levels/coop_009/ab00_art_parent",
      "levels/coop_009/ab01_art_parent",
      "levels/coop_009/coop_009_uiloadingsp"
    ],
    "chunkCount": 0,
    "name": "levels/coop_009/coop_009"
  },
  "levels/coop_010/coop_010": {
    "bundleCount": 19,
    "bundles": [
      "levels/coop_010/coop_010_loading_music",
      "levels/coop_010/coop_010_settings_win32",
      "levels/coop_010/ab05_parent",
      "levels/coop_010/ab00_parent",
      "levels/coop_010/coop_010_gameconfiglight_win32",
      "levels/coop_010/ab03_ab04_buffer_parent",
      "levels/coop_010/ab06_parent",
      "levels/coop_010/ab04_parent",
      "levels/coop_010/coop_010_uiloadingsp",
      "levels/coop_010/coop_010",
      "levels/coop_010/coop_010_uiloadingmp",
      "levels/coop_010/coop_010_uiendofround",
      "levels/coop_010/ab01_art_parent",
      "levels/coop_010/coop_010_uipreendofround",
      "levels/coop_010/ab01_ab03_buffer_parent",
      "levels/coop_010/coop_010_uiplaying",
      "levels/coop_010/ab01_parent",
      "levels/coop_010/ab03_parent",
      "levels/coop_010/ab00_art_parent"
    ],
    "chunkCount": 0,
    "name": "levels/coop_010/coop_010"
  },
  "levels/frontend/frontend": {
    "bundleCount": 8,
    "bundles": [
      "levels/frontend/frontend_gameconfiglight_win32",
      "levels/frontend/frontend_uiloadingmp",
      "levels/frontend/frontend_uiplaying",
      "levels/frontend/frontend_uiendofround",
      "levels/frontend/frontend",
      "levels/frontend/frontend_uiloadingsp",
      "levels/frontend/frontend_settings_win32",
      "levels/frontend/frontend_uipreendofround"
    ],
    "chunkCount": 0,
    "name": "levels/frontend/frontend"
  },
  "levels/mp_001/mp_001": {
    "bundleCount": 17,
    "bundles": [
      "levels/mp_001/mp_001_uiloadingsp",
      "levels/mp_001/tdm1",
      "levels/mp_001/mp_001_loading_music",
      "levels/mp_001/conquest",
      "levels/mp_001/conquest_large",
      "levels/mp_001/squad_deathmatch",
      "levels/mp_001/mp_001",
      "levels/mp_001/mp_001_uiplaying",
      "levels/mp_001/mp_001_uiloadingmp",
      "levels/mp_001/mp_001_gameconfiglight_win32",
      "levels/mp_001/squad_rush",
      "levels/mp_001/mp_001_uipreendofround",
      "levels/mp_001/lightcasters",
      "levels/mp_001/mp_001_settings_win32",
      "levels/mp_001/rush",
      "levels/mp_001/team_deathmatch",
      "levels/mp_001/mp_001_uiendofround"
    ],
    "chunkCount": 0,
    "name": "levels/mp_001/mp_001"
  },
  "levels/mp_003/mp_003": {
    "bundleCount": 18,
    "bundles": [
      "levels/mp_003/conquestlarge",
      "levels/mp_003/rush3",
      "levels/mp_003/mp_003_uiloadingmp",
      "levels/mp_003/teamdeathmatch",
      "levels/mp_003/mp_003",
      "levels/mp_003/conquestsmall",
      "levels/mp_003/squadrush",
      "levels/mp_003/common",
      "levels/mp_003/tdm2",
      "levels/mp_003/tdm1",
      "levels/mp_003/mp_003_uiendofround",
      "levels/mp_003/mp_003_loading_music",
      "levels/mp_003/mp_003_settings_win32",
      "levels/mp_003/mp_003_gameconfiglight_win32",
      "levels/mp_003/mp_003_uipreendofround",
      "levels/mp_003/squaddeathmatch",
      "levels/mp_003/mp_003_uiloadingsp",
      "levels/mp_003/mp_003_uiplaying"
    ],
    "chunkCount": 0,
    "name": "levels/mp_003/mp_003"
  },
  "levels/mp_007/mp_007": {
    "bundleCount": 17,
    "bundles": [
      "levels/mp_007/teamdeathmatch",
      "levels/mp_007/squadrush",
      "levels/mp_007/mp_007_uiloadingmp",
      "levels/mp_007/mp_007_uiplaying",
      "levels/mp_007/mp_007_gameconfiglight_win32",
      "levels/mp_007/mp_007_settings_win32",
      "levels/mp_007/mp_007_uipreendofround",
      "levels/mp_007/rush",
      "levels/mp_007/tdm1",
      "levels/mp_007/mp_007",
      "levels/mp_007/mp_007_loading_music",
      "levels/mp_007/mp_007_uiloadingsp",
      "levels/mp_007/mp_007_uiendofround",
      "levels/mp_007/squaddeathmatch",
      "levels/mp_007/conquest_small",
      "levels/mp_007/selective_art",
      "levels/mp_007/conquest_large"
    ],
    "chunkCount": 0,
    "name": "levels/mp_007/mp_007"
  },
  "levels/mp_011/mp_011": {
    "bundleCount": 17,
    "bundles": [
      "levels/mp_011/conquest_large",
      "levels/mp_011/squaddeathmatch",
      "levels/mp_011/mp_011_uiloadingmp",
      "levels/mp_011/squadrush",
      "levels/mp_011/mp_011_gameconfiglight_win32",
      "levels/mp_011/mp_011_loading_music",
      "levels/mp_011/mp_011_uipreendofround",
      "levels/mp_011/mp_011_uiloadingsp",
      "levels/mp_011/teamdeathmatch_01",
      "levels/mp_011/teamdeathmatch",
      "levels/mp_011/mp_011",
      "levels/mp_011/mp_011_settings_win32",
      "levels/mp_011/conquest_small",
      "levels/mp_011/mp_011_uiplaying",
      "levels/mp_011/rush",
      "levels/mp_011/artpcexclusive",
      "levels/mp_011/mp_011_uiendofround"
    ],
    "chunkCount": 0,
    "name": "levels/mp_011/mp_011"
  },
  "levels/mp_012/mp_012": {
    "bundleCount": 18,
    "bundles": [
      "levels/mp_012/mp_012_uipreendofround",
      "levels/mp_012/conquest_small",
      "levels/mp_012/mp_012_settings_win32",
      "levels/mp_012/mp_012_uiloadingmp",
      "levels/mp_012/rush",
      "levels/mp_012/mp_012_gameconfiglight_win32",
      "levels/mp_012/tutorialmp",
      "levels/mp_012/mp_012_loading_music",
      "levels/mp_012/conquest_large",
      "levels/mp_012/teamdeathmatch",
      "levels/mp_012/mp_012_uiendofround",
      "levels/mp_012/squadrush",
      "levels/mp_012/mp_012",
      "levels/mp_012/tutorialmp_sandbox",
      "levels/mp_012/tutorialmp_shoothouse",
      "levels/mp_012/mp_012_uiloadingsp",
      "levels/mp_012/mp_012_uiplaying",
      "levels/mp_012/squaddeathmatch"
    ],
    "chunkCount": 0,
    "name": "levels/mp_012/mp_012"
  },
  "levels/mp_013/mp_013": {
    "bundleCount": 17,
    "bundles": [
      "levels/mp_013/pc_only",
      "levels/mp_013/squadrush",
      "levels/mp_013/mp_013_gameconfiglight_win32",
      "levels/mp_013/mp_013_uiplaying",
      "levels/mp_013/mp_013_uiloadingmp",
      "levels/mp_013/mp_013_loading_music",
      "levels/mp_013/tdm1",
      "levels/mp_013/conquestlarge",
      "levels/mp_013/conquestsmall",
      "levels/mp_013/mp_013_uipreendofround",
      "levels/mp_013/mp_013",
      "levels/mp_013/mp_013_uiendofround",
      "levels/mp_013/rush",
      "levels/mp_013/teamdeathmatch",
      "levels/mp_013/squaddeathmatch",
      "levels/mp_013/mp_013_settings_win32",
      "levels/mp_013/mp_013_uiloadingsp"
    ],
    "chunkCount": 0,
    "name": "levels/mp_013/mp_013"
  },
  "levels/mp_017/mp_017": {
    "bundleCount": 15,
    "bundles": [
      "levels/mp_017/mp_017_uiplaying",
      "levels/mp_017/mp_017_uiloadingmp",
      "levels/mp_017/mp_017_loading_music",
      "levels/mp_017/sdm",
      "levels/mp_017/mp_017_gameconfiglight_win32",
      "levels/mp_017/cql",
      "levels/mp_017/cqs",
      "levels/mp_017/r",
      "levels/mp_017/mp_017",
      "levels/mp_017/tdm",
      "levels/mp_017/mp_017_uiloadingsp",
      "levels/mp_017/sr",
      "levels/mp_017/mp_017_settings_win32",
      "levels/mp_017/mp_017_uipreendofround",
      "levels/mp_017/mp_017_uiendofround"
    ],
    "chunkCount": 0,
    "name": "levels/mp_017/mp_017"
  },
  "levels/mp_018/mp_018": {
    "bundleCount": 20,
    "bundles": [
      "levels/mp_018/mp_global2",
      "levels/mp_018/teamdeathmatch",
      "levels/mp_018/conquest",
      "levels/mp_018/tdm1",
      "levels/mp_018/mp_018",
      "levels/mp_018/conquest_large2",
      "levels/mp_018/mp_018_uiloadingsp",
      "levels/mp_018/squaddeathmatch",
      "levels/mp_018/mp_018_uipreendofround",
      "levels/mp_018/conquest_small2",
      "levels/mp_018/mp_018_uiloadingmp",
      "levels/mp_018/mp_018_settings_win32",
      "levels/mp_018/mp_018_uiendofround",
      "levels/mp_018/mp_018_gameconfiglight_win32",
      "levels/mp_018/mp_018_loading_music",
      "levels/mp_018/mp_018_uiplaying",
      "levels/mp_018/conquest_small",
      "levels/mp_018/conquest_large",
      "levels/mp_018/rush",
      "levels/mp_018/squadrush"
    ],
    "chunkCount": 0,
    "name": "levels/mp_018/mp_018"
  },
  "levels/mp_subway/mp_subway": {
    "bundleCount": 20,
    "bundles": [
      "levels/mp_subway/teamdeathmatch",
      "levels/mp_subway/tdm2",
      "levels/mp_subway/mp_subway_uiloadingsp",
      "levels/mp_subway/squaddeathmatch",
      "levels/mp_subway/mp_subway_loading_music",
      "levels/mp_subway/conquest_small",
      "levels/mp_subway/mp_subway_gameconfiglight_win32",
      "levels/mp_subway/mp_subway_uiendofround",
      "levels/mp_subway/rush",
      "levels/mp_subway/teams_small",
      "levels/mp_subway/gameplayobjects",
      "levels/mp_subway/common",
      "levels/mp_subway/mp_subway_uiplaying",
      "levels/mp_subway/mp_subway_settings_win32",
      "levels/mp_subway/mp_subway_uiloadingmp",
      "levels/mp_subway/squadrush",
      "levels/mp_subway/mp_subway_uipreendofround",
      "levels/mp_subway/teams_large",
      "levels/mp_subway/mp_subway",
      "levels/mp_subway/tdm1"
    ],
    "chunkCount": 0,
    "name": "levels/mp_subway/mp_subway"
  },
  "levels/sp_bank/sp_bank": {
    "bundleCount": 55,
    "bundles": [
      "levels/sp_bank/convoy_sub",
      "levels/sp_bank/vault_sub",
      "levels/sp_bank/ministry_sub",
      "levels/sp_bank/plaza_interior_sub",
      "levels/sp_bank/tank_art_sub",
      "levels/sp_bank/backdrop",
      "levels/sp_bank/passage_sub",
      "levels/sp_bank/breach_sub",
      "levels/sp_bank/highway_01_ambience_sub",
      "levels/sp_bank/house_sub",
      "levels/sp_bank/lightmap_04",
      "levels/sp_bank/lightmap_01",
      "levels/sp_bank/bridge_sub",
      "levels/sp_bank/trenchintro",
      "levels/sp_bank/vaultstream_sub",
      "levels/sp_bank/backdrophighway_sub",
      "levels/sp_bank/plazalightz_sub",
      "levels/sp_bank/sp_bank",
      "levels/sp_bank/lightmap_02",
      "levels/sp_bank/ride_ambience_sub",
      "levels/sp_bank/marines",
      "levels/sp_bank/sp_bank_uiplaying",
      "levels/sp_bank/bank_sub",
      "levels/sp_bank/highway_03_props",
      "levels/sp_bank/lightmap_03",
      "levels/sp_bank/highway_02_sub",
      "levels/sp_bank/convoy_start_sub",
      "levels/sp_bank/marines2",
      "levels/sp_bank/bmd",
      "levels/sp_bank/highway_03_ambience_sub",
      "levels/sp_bank/house_props_sub",
      "levels/sp_bank/ride_sub",
      "levels/sp_bank/tank_sub",
      "levels/sp_bank/sp_bank_uiendofround",
      "levels/sp_bank/house_art_sub",
      "levels/sp_bank/convoy_art_sub",
      "levels/sp_bank/assaultcanalprops_sub",
      "levels/sp_bank/vaultart_sub",
      "levels/sp_bank/intro_sub",
      "levels/sp_bank/sp_bank_loading_music",
      "levels/sp_bank/sp_bank_uipreendofround",
      "levels/sp_bank/assault_sub",
      "levels/sp_bank/vaultendanimations",
      "levels/sp_bank/highway_03_sub",
      "levels/sp_bank/plaza",
      "levels/sp_bank/vaultdescentanimations",
      "levels/sp_bank/regroup",
      "levels/sp_bank/sp_bank_uiloadingmp",
      "levels/sp_bank/plazaprops_sub",
      "levels/sp_bank/sp_bank_gameconfiglight_win32",
      "levels/sp_bank/ministry_ambience_sub",
      "levels/sp_bank/sp_bank_uiloadingsp",
      "levels/sp_bank/highway_01_sub",
      "levels/sp_bank/passage_cutscene",
      "levels/sp_bank/sp_bank_settings_win32"
    ],
    "chunkCount": 0,
    "name": "levels/sp_bank/sp_bank"
  },
  "levels/sp_earthquake/sp_earthquake": {
    "bundleCount": 37,
    "bundles": [
      "levels/sp_earthquake/bridgefight",
      "levels/sp_earthquake/bazaarfacade",
      "levels/sp_earthquake/briefing",
      "levels/sp_earthquake/bazaar",
      "levels/sp_earthquake/rooftopextraction",
      "levels/sp_earthquake/lavsceneoccluders",
      "levels/sp_earthquake/sp_earthquake_uiendofround",
      "levels/sp_earthquake/rooftop",
      "levels/sp_earthquake/cellar",
      "levels/sp_earthquake/parkinglotsurroundings",
      "levels/sp_earthquake/lightmap_01",
      "levels/sp_earthquake/stagingareawin32",
      "levels/sp_earthquake/backdrop",
      "levels/sp_earthquake/parkinglot",
      "levels/sp_earthquake/stagingarea",
      "levels/sp_earthquake/stagingareasurroundings",
      "levels/sp_earthquake/sp_earthquake",
      "levels/sp_earthquake/school",
      "levels/sp_earthquake/alley",
      "levels/sp_earthquake/streetcrossing",
      "levels/sp_earthquake/sp_earthquake_gameconfiglight_win32",
      "levels/sp_earthquake/lightmap_02",
      "levels/sp_earthquake/earthquake",
      "levels/sp_earthquake/ied",
      "levels/sp_earthquake/rooftopparkour",
      "levels/sp_earthquake/sp_earthquake_uiloadingmp",
      "levels/sp_earthquake/lightmap_03",
      "levels/sp_earthquake/sp_earthquake_loading_music",
      "levels/sp_earthquake/building",
      "levels/sp_earthquake/sp_earthquake_uiloadingsp",
      "levels/sp_earthquake/lavscene",
      "levels/sp_earthquake/sp_earthquake_uipreendofround",
      "levels/sp_earthquake/meatmarket",
      "levels/sp_earthquake/schoolbuilding",
      "levels/sp_earthquake/sp_earthquake_settings_win32",
      "levels/sp_earthquake/rooftopsniper",
      "levels/sp_earthquake/sp_earthquake_uiplaying"
    ],
    "chunkCount": 0,
    "name": "levels/sp_earthquake/sp_earthquake"
  },
  "levels/sp_earthquake2/sp_earthquake2": {
    "bundleCount": 27,
    "bundles": [
      "levels/sp_earthquake2/largebuilding_sub",
      "levels/sp_earthquake2/sp_earthquake2_gameconfiglight_win32",
      "levels/sp_earthquake2/meatmarket_sub",
      "levels/sp_earthquake2/alley_sub",
      "levels/sp_earthquake2/rift_sub",
      "levels/sp_earthquake2/lightmap_01",
      "levels/sp_earthquake2/sp_earthquake2_uiendofround",
      "levels/sp_earthquake2/lightmap_03",
      "levels/sp_earthquake2/lightmap_02",
      "levels/sp_earthquake2/sp_earthquake2_loading_music",
      "levels/sp_earthquake2/rift2_sub",
      "levels/sp_earthquake2/parkinglot_sub",
      "levels/sp_earthquake2/sp_earthquake2_uiloadingmp",
      "levels/sp_earthquake2/school_sub",
      "levels/sp_earthquake2/sp_earthquake2_settings_win32",
      "levels/sp_earthquake2/cafe_sub",
      "levels/sp_earthquake2/stagingarea_bigprops",
      "levels/sp_earthquake2/bazaar_sub",
      "levels/sp_earthquake2/sp_earthquake2_uiloadingsp",
      "levels/sp_earthquake2/sp_earthquake2",
      "levels/sp_earthquake2/sp_earthquake2_uiplaying",
      "levels/sp_earthquake2/cafe_meetmontes",
      "levels/sp_earthquake2/cafe_doorsub",
      "levels/sp_earthquake2/sp_earthquake2_uipreendofround",
      "levels/sp_earthquake2/backdrop",
      "levels/sp_earthquake2/solomon_intro",
      "levels/sp_earthquake2/stagingarea_sub"
    ],
    "chunkCount": 0,
    "name": "levels/sp_earthquake2/sp_earthquake2"
  },
  "levels/sp_finale/sp_finale": {
    "bundleCount": 22,
    "bundles": [
      "levels/sp_finale/penn_sub",
      "levels/sp_finale/escape_sub",
      "levels/sp_finale/trainride_sub",
      "levels/sp_finale/sp_finale_uiloadingmp",
      "levels/sp_finale/lightmap_02",
      "levels/sp_finale/sp_finale_uiplaying",
      "levels/sp_finale/sp_finale_loading_music",
      "levels/sp_finale/chase_sub",
      "levels/sp_finale/sp_finale_uiendofround",
      "levels/sp_finale/sp_finale_uiloadingsp",
      "levels/sp_finale/credits",
      "levels/sp_finale/lightmap_04",
      "levels/sp_finale/sp_finale_settings_win32",
      "levels/sp_finale/fight_sub",
      "levels/sp_finale/lightmap_01",
      "levels/sp_finale/sewerart_sub",
      "levels/sp_finale/lightmap_03",
      "levels/sp_finale/level",
      "levels/sp_finale/street_sub",
      "levels/sp_finale/sp_finale",
      "levels/sp_finale/sp_finale_uipreendofround",
      "levels/sp_finale/sp_finale_gameconfiglight_win32"
    ],
    "chunkCount": 0,
    "name": "levels/sp_finale/sp_finale"
  },
  "levels/sp_jet/sp_jet": {
    "bundleCount": 21,
    "bundles": [
      "levels/sp_jet/particleclouds",
      "levels/sp_jet/area_highway_of_death",
      "levels/sp_jet/area_dogfight_1",
      "levels/sp_jet/area_dogfight_2",
      "levels/sp_jet/carrierstart_playerandwingmananimations",
      "levels/sp_jet/sp_jet_uiendofround",
      "levels/sp_jet/dogfightpartone_backdrop",
      "levels/sp_jet/sp_jet_settings_win32",
      "levels/sp_jet/area_fleet",
      "levels/sp_jet/sp_jet",
      "levels/sp_jet/carrier_details",
      "levels/sp_jet/carrier_interior",
      "levels/sp_jet/art_dogfightparttwo_backdrop",
      "levels/sp_jet/sp_jet_loading_music",
      "levels/sp_jet/sp_jet_uipreendofround",
      "levels/sp_jet/area_going_home",
      "levels/sp_jet/area_carrierlanding",
      "levels/sp_jet/sp_jet_gameconfiglight_win32",
      "levels/sp_jet/sp_jet_uiloadingmp",
      "levels/sp_jet/sp_jet_uiplaying",
      "levels/sp_jet/sp_jet_uiloadingsp"
    ],
    "chunkCount": 0,
    "name": "levels/sp_jet/sp_jet"
  },
  "levels/sp_new_york/sp_new_york": {
    "bundleCount": 12,
    "bundles": [
      "levels/sp_new_york/level",
      "levels/sp_new_york/sp_new_york_uiloadingsp",
      "levels/sp_new_york/sp_new_york_uiplaying",
      "levels/sp_new_york/sp_new_york_uiendofround",
      "levels/sp_new_york/sp_new_york_gameconfiglight_win32",
      "levels/sp_new_york/sp_new_york_uipreendofround",
      "levels/sp_new_york/sp_new_york_uiloadingmp",
      "levels/sp_new_york/lightmap_02",
      "levels/sp_new_york/sp_new_york_settings_win32",
      "levels/sp_new_york/lightmap_01",
      "levels/sp_new_york/sp_new_york",
      "levels/sp_new_york/trainride_sub"
    ],
    "chunkCount": 0,
    "name": "levels/sp_new_york/sp_new_york"
  },
  "levels/sp_paris/sp_paris": {
    "bundleCount": 33,
    "bundles": [
      "levels/sp_paris/sp_paris_settings_win32",
      "levels/sp_paris/heat",
      "levels/sp_paris/street",
      "levels/sp_paris/lobby",
      "levels/sp_paris/sp_paris",
      "levels/sp_paris/loweroffice",
      "levels/sp_paris/rail",
      "levels/sp_paris/corridorcorner",
      "levels/sp_paris/upperoffice_pc",
      "levels/sp_paris/gaseventsluice",
      "levels/sp_paris/backdropbuildingsfar",
      "levels/sp_paris/sp_paris_uiloadingmp",
      "levels/sp_paris/lightmap_03",
      "levels/sp_paris/lightmap_02",
      "levels/sp_paris/sp_paris_gameconfiglight_win32",
      "levels/sp_paris/lightmap_01",
      "levels/sp_paris/loweroffice_pc",
      "levels/sp_paris/sp_paris_uiloadingsp",
      "levels/sp_paris/sp_paris_uiendofround",
      "levels/sp_paris/upperoffice",
      "levels/sp_paris/chase",
      "levels/sp_paris/sp_paris_uiplaying",
      "levels/sp_paris/chaseintro",
      "levels/sp_paris/backdropbuildingsclose",
      "levels/sp_paris/sp_paris_loading_music",
      "levels/sp_paris/parkingdeckgate",
      "levels/sp_paris/corridorsluice",
      "levels/sp_paris/heat_pc_only",
      "levels/sp_paris/parkingdeck",
      "levels/sp_paris/parkingdeckgate_pc",
      "levels/sp_paris/sp_paris_uipreendofround",
      "levels/sp_paris/railbackdrop",
      "levels/sp_paris/tradingfloor"
    ],
    "chunkCount": 0,
    "name": "levels/sp_paris/sp_paris"
  },
  "levels/sp_sniper/sp_sniper": {
    "bundleCount": 37,
    "bundles": [
      "levels/sp_sniper/mannequinroom",
      "levels/sp_sniper/albashirstrikeart_pc",
      "levels/sp_sniper/background_02",
      "levels/sp_sniper/backstreets",
      "levels/sp_sniper/sewers",
      "levels/sp_sniper/sp_sniper_uipreendofround",
      "levels/sp_sniper/malldefence_animation4",
      "levels/sp_sniper/plaza",
      "levels/sp_sniper/malldefence_animation5",
      "levels/sp_sniper/malldefence_animation2",
      "levels/sp_sniper/malldefence_animation3",
      "levels/sp_sniper/background_persistant",
      "levels/sp_sniper/malldefence_animation1",
      "levels/sp_sniper/mall_behindstreet",
      "levels/sp_sniper/albashirstrike",
      "levels/sp_sniper/sp_sniper_uiplaying",
      "levels/sp_sniper/sp_sniper_uiendofround",
      "levels/sp_sniper/missile",
      "levels/sp_sniper/mall",
      "levels/sp_sniper/mall_pc",
      "levels/sp_sniper/sp_sniper",
      "levels/sp_sniper/mall_exterior",
      "levels/sp_sniper/rocketapartment",
      "levels/sp_sniper/albashirstrikeart",
      "levels/sp_sniper/sp_sniper_gameconfiglight_win32",
      "levels/sp_sniper/background_01",
      "levels/sp_sniper/mall_exterior_pc",
      "levels/sp_sniper/briefing",
      "levels/sp_sniper/malldefence",
      "levels/sp_sniper/sp_sniper_uiloadingmp",
      "levels/sp_sniper/reconnest",
      "levels/sp_sniper/overwatch",
      "levels/sp_sniper/reconnest_pc",
      "levels/sp_sniper/failknife",
      "levels/sp_sniper/sp_sniper_uiloadingsp",
      "levels/sp_sniper/sp_sniper_loading_music",
      "levels/sp_sniper/sp_sniper_settings_win32"
    ],
    "chunkCount": 0,
    "name": "levels/sp_sniper/sp_sniper"
  },
  "levels/sp_tank/sp_tank": {
    "bundleCount": 33,
    "bundles": [
      "levels/sp_tank/highwayoverpass_01",
      "levels/sp_tank/bankplaza_01",
      "levels/sp_tank/drivetobank_01_substream_01",
      "levels/sp_tank/highwaytoteheran_02",
      "levels/sp_tank/highwayofdeath2",
      "levels/sp_tank/drivetobank_01_substream_03",
      "levels/sp_tank/drivetobankplaza_01",
      "levels/sp_tank/sp_tank_uipreendofround",
      "levels/sp_tank/drivetobank_02_substream_02",
      "levels/sp_tank/desertfortsmallobjects_01_levelart",
      "levels/sp_tank/drivetobankplaza_03",
      "levels/sp_tank/sp_tank",
      "levels/sp_tank/desertintro",
      "levels/sp_tank/roadtodesert_01",
      "levels/sp_tank/highwaytoteheran_01",
      "levels/sp_tank/sp_tank_uiendofround",
      "levels/sp_tank/sp_tank_uiloadingmp",
      "levels/sp_tank/drivetobank_02_substream_01",
      "levels/sp_tank/sp_tank_uiloadingsp",
      "levels/sp_tank/backdrop",
      "levels/sp_tank/desertfort",
      "levels/sp_tank/sp_tank_loading_music",
      "levels/sp_tank/miclicart",
      "levels/sp_tank/sp_tank_uiplaying",
      "levels/sp_tank/desertfortpconly",
      "levels/sp_tank/miclic-highwaytoteheran",
      "levels/sp_tank/drivetobank_01_substream_02",
      "levels/sp_tank/sp_tank_gameconfiglight_win32",
      "levels/sp_tank/highwayofdeath",
      "levels/sp_tank/drivetobankplaza_02",
      "levels/sp_tank/sp_tank_settings_win32",
      "levels/sp_tank/highwayoverpass_01_levelart_substream_01",
      "levels/sp_tank/miclic"
    ],
    "chunkCount": 0,
    "name": "levels/sp_tank/sp_tank"
  },
  "levels/sp_tank_b/sp_tank_b": {
    "bundleCount": 23,
    "bundles": [
      "levels/sp_tank_b/sp_tank_b",
      "levels/sp_tank_b/blockedstreet2",
      "levels/sp_tank_b/lightmap_03",
      "levels/sp_tank_b/sp_tank_b_uipreendofround",
      "levels/sp_tank_b/sp_tank_b_loading_music",
      "levels/sp_tank_b/bankplazabackdrop",
      "levels/sp_tank_b/drivethrough",
      "levels/sp_tank_b/sp_tank_b_uiloadingmp",
      "levels/sp_tank_b/bankplaza_01",
      "levels/sp_tank_b/ambush",
      "levels/sp_tank_b/drivetobankplaza_01",
      "levels/sp_tank_b/sp_tank_b_gameconfiglight_win32",
      "levels/sp_tank_b/sp_tank_b_uiplaying",
      "levels/sp_tank_b/lightmap_02",
      "levels/sp_tank_b/blockedstreet",
      "levels/sp_tank_b/sp_tank_b_uiloadingsp",
      "levels/sp_tank_b/lightmap_01",
      "levels/sp_tank_b/introrail",
      "levels/sp_tank_b/outroscene",
      "levels/sp_tank_b/sidestreet",
      "levels/sp_tank_b/sp_tank_b_settings_win32",
      "levels/sp_tank_b/sp_tank_b_uiendofround",
      "levels/sp_tank_b/drivetobankplaza_03"
    ],
    "chunkCount": 0,
    "name": "levels/sp_tank_b/sp_tank_b"
  },
  "levels/sp_valley/sp_valley": {
    "bundleCount": 33,
    "bundles": [
      "levels/sp_valley/ambientwar",
      "levels/sp_valley/hillside",
      "levels/sp_valley/zone4",
      "levels/sp_valley/valleyart",
      "levels/sp_valley/valleyjet",
      "levels/sp_valley/zone1",
      "levels/sp_valley/airdrop",
      "levels/sp_valley/sp_valley",
      "levels/sp_valley/forestart",
      "levels/sp_valley/sp_valley_gameconfiglight_win32",
      "levels/sp_valley/sp_valley_uiplaying",
      "levels/sp_valley/briefingonhill",
      "levels/sp_valley/sp_valley_uiloadingmp",
      "levels/sp_valley/valley",
      "levels/sp_valley/sp_valley_loading_music",
      "levels/sp_valley/forest",
      "levels/sp_valley/zone3",
      "levels/sp_valley/valleyartillerycamp",
      "levels/sp_valley/valleyfield2",
      "levels/sp_valley/valleyfield1",
      "levels/sp_valley/valleytankbattle",
      "levels/sp_valley/valleytankbriefing",
      "levels/sp_valley/ridge",
      "levels/sp_valley/sp_valley_uiloadingsp",
      "levels/sp_valley/zone5",
      "levels/sp_valley/sp_valley_uiendofround",
      "levels/sp_valley/valleyjet_endscene",
      "levels/sp_valley/rundownhill",
      "levels/sp_valley/valleyadvancetobridge",
      "levels/sp_valley/sp_valley_uipreendofround",
      "levels/sp_valley/zone2",
      "levels/sp_valley/sp_valley_settings_win32",
      "levels/sp_valley/valleyjetbriefing"
    ],
    "chunkCount": 0,
    "name": "levels/sp_valley/sp_valley"
  },
  "levels/sp_villa/sp_villa": {
    "bundleCount": 34,
    "bundles": [
      "levels/sp_villa/villa_pc",
      "levels/sp_villa/villa_extra",
      "levels/sp_villa/poolhouse_extra",
      "levels/sp_villa/landing",
      "levels/sp_villa/sp_villa_gameconfiglight_win32",
      "levels/sp_villa/background",
      "levels/sp_villa/drive_2",
      "levels/sp_villa/blackburn",
      "levels/sp_villa/garden_pc",
      "levels/sp_villa/sp_villa_uiloadingmp",
      "levels/sp_villa/garden",
      "levels/sp_villa/sp_villa",
      "levels/sp_villa/sp_villa_uiloadingsp",
      "levels/sp_villa/chopper",
      "levels/sp_villa/drive",
      "levels/sp_villa/rail",
      "levels/sp_villa/sp_villa_uiendofround",
      "levels/sp_villa/lightmap_01",
      "levels/sp_villa/lightmap_03",
      "levels/sp_villa/lightmap_02",
      "levels/sp_villa/drive_pc",
      "levels/sp_villa/gatehouse",
      "levels/sp_villa/poolhouse",
      "levels/sp_villa/sp_villa_uiplaying",
      "levels/sp_villa/sp_villa_loading_music",
      "levels/sp_villa/halo",
      "levels/sp_villa/halo_backdrop",
      "levels/sp_villa/sp_villa_settings_win32",
      "levels/sp_villa/basement",
      "levels/sp_villa/railsuv",
      "levels/sp_villa/sp_villa_uipreendofround",
      "levels/sp_villa/lightmap_cutscene02",
      "levels/sp_villa/lightmap_cutscene01",
      "levels/sp_villa/villa"
    ],
    "chunkCount": 0,
    "name": "levels/sp_villa/sp_villa"
  },
  "levels/web_loading/web_loading": {
    "bundleCount": 8,
    "bundles": [
      "levels/web_loading/web_loading_gameconfiglight_win32",
      "levels/web_loading/web_loading_uipreendofround",
      "levels/web_loading/web_loading",
      "levels/web_loading/web_loading_uiplaying",
      "levels/web_loading/web_loading_uiendofround",
      "levels/web_loading/web_loading_settings_win32",
      "levels/web_loading/web_loading_uiloadingsp",
      "levels/web_loading/web_loading_uiloadingmp"
    ],
    "chunkCount": 0,
    "name": "levels/web_loading/web_loading"
  },
  "levels/xp1_001/xp1_001": {
    "bundleCount": 16,
    "bundles": [
      "levels/xp1_001/xp1_001",
      "levels/xp1_001/xp1_001_uipreendofround",
      "levels/xp1_001/conquest_small",
      "levels/xp1_001/xp1_001_settings_win32",
      "levels/xp1_001/squaddeathmatch",
      "levels/xp1_001/conquest_large",
      "levels/xp1_001/xp1_001_uiloadingmp",
      "levels/xp1_001/tdm",
      "levels/xp1_001/xp1_001_uiloadingsp",
      "levels/xp1_001/squadrush",
      "levels/xp1_001/xp1_001_uiendofround",
      "levels/xp1_001/cq_s1",
      "levels/xp1_001/xp1_001_gameconfiglight_win32",
      "levels/xp1_001/xp1_001_uiplaying",
      "levels/xp1_001/rush",
      "levels/xp1_001/xp1_001_loading_music"
    ],
    "chunkCount": 0,
    "name": "levels/xp1_001/xp1_001"
  },
  "levels/xp1_002/xp1_002": {
    "bundleCount": 16,
    "bundles": [
      "levels/xp1_002/xp1_002",
      "levels/xp1_002/cq_l",
      "levels/xp1_002/xp1_002_uiplaying",
      "levels/xp1_002/xp1_002_uiloadingsp",
      "levels/xp1_002/xp1_002_uiendofround",
      "levels/xp1_002/xp1_002_loading_music",
      "levels/xp1_002/sr",
      "levels/xp1_002/xp1_002_gameconfiglight_win32",
      "levels/xp1_002/tdm",
      "levels/xp1_002/r",
      "levels/xp1_002/xp1_002_settings_win32",
      "levels/xp1_002/cq_s1",
      "levels/xp1_002/xp1_002_uipreendofround",
      "levels/xp1_002/cq_s",
      "levels/xp1_002/sqdm",
      "levels/xp1_002/xp1_002_uiloadingmp"
    ],
    "chunkCount": 0,
    "name": "levels/xp1_002/xp1_002"
  },
  "levels/xp1_003/xp1_003": {
    "bundleCount": 16,
    "bundles": [
      "levels/xp1_003/sr",
      "levels/xp1_003/xp1_003_settings_win32",
      "levels/xp1_003/r",
      "levels/xp1_003/xp1_003_uiloadingsp",
      "levels/xp1_003/xp1_003_loading_music",
      "levels/xp1_003/cq_s1",
      "levels/xp1_003/xp1_003_uiendofround",
      "levels/xp1_003/cq_l",
      "levels/xp1_003/xp1_003_gameconfiglight_win32",
      "levels/xp1_003/xp1_003_uiplaying",
      "levels/xp1_003/xp1_003_uiloadingmp",
      "levels/xp1_003/xp1_003",
      "levels/xp1_003/tdm",
      "levels/xp1_003/cq_s",
      "levels/xp1_003/xp1_003_uipreendofround",
      "levels/xp1_003/sqdm"
    ],
    "chunkCount": 0,
    "name": "levels/xp1_003/xp1_003"
  },
  "levels/xp1_004/xp1_004": {
    "bundleCount": 15,
    "bundles": [
      "levels/xp1_004/xp1_004_uiendofround",
      "levels/xp1_004/xp1_004",
      "levels/xp1_004/sqdm",
      "levels/xp1_004/xp1_004_settings_win32",
      "levels/xp1_004/xp1_004_uipreendofround",
      "levels/xp1_004/cq_s",
      "levels/xp1_004/xp1_004_uiloadingmp",
      "levels/xp1_004/xp1_004_uiplaying",
      "levels/xp1_004/xp1_004_loading_music",
      "levels/xp1_004/sr",
      "levels/xp1_004/tdm",
      "levels/xp1_004/r",
      "levels/xp1_004/xp1_004_uiloadingsp",
      "levels/xp1_004/xp1_004_gameconfiglight_win32",
      "levels/xp1_004/cq_l"
    ],
    "chunkCount": 0,
    "name": "levels/xp1_004/xp1_004"
  },
  "levels/xp2_factory/xp2_factory": {
    "bundleCount": 14,
    "bundles": [
      "levels/xp2_factory/xp2_factory_gameconfiglight_win32",
      "levels/xp2_factory/dom2",
      "levels/xp2_factory/xp2_factory_settings_win32",
      "levels/xp2_factory/xp2_factory_uiloadingmp",
      "levels/xp2_factory/xp2_factory_uipreendofround",
      "levels/xp2_factory/xp2_factory_loading_music",
      "levels/xp2_factory/deathmatch",
      "levels/xp2_factory/tdm",
      "levels/xp2_factory/xp2_factory",
      "levels/xp2_factory/xp2_factory_uiplaying",
      "levels/xp2_factory/gunmaster",
      "levels/xp2_factory/xp2_factory_uiloadingsp",
      "levels/xp2_factory/xp2_factory_uiendofround",
      "levels/xp2_factory/sqdm"
    ],
    "chunkCount": 0,
    "name": "levels/xp2_factory/xp2_factory"
  },
  "levels/xp2_office/xp2_office": {
    "bundleCount": 14,
    "bundles": [
      "levels/xp2_office/gunmaster",
      "levels/xp2_office/xp2_office_loading_music",
      "levels/xp2_office/xp2_office_gameconfiglight_win32",
      "levels/xp2_office/deathmatch",
      "levels/xp2_office/teamdeathmatch",
      "levels/xp2_office/sqdm",
      "levels/xp2_office/xp2_office",
      "levels/xp2_office/xp2_office_uiendofround",
      "levels/xp2_office/domination",
      "levels/xp2_office/xp2_office_uiloadingmp",
      "levels/xp2_office/xp2_office_uiloadingsp",
      "levels/xp2_office/xp2_office_settings_win32",
      "levels/xp2_office/xp2_office_uiplaying",
      "levels/xp2_office/xp2_office_uipreendofround"
    ],
    "chunkCount": 0,
    "name": "levels/xp2_office/xp2_office"
  },
  "levels/xp2_palace/xp2_palace": {
    "bundleCount": 14,
    "bundles": [
      "levels/xp2_palace/xp2_palace_uiplaying",
      "levels/xp2_palace/xp2_palace_uipreendofround",
      "levels/xp2_palace/gunmaster",
      "levels/xp2_palace/xp2_palace_settings_win32",
      "levels/xp2_palace/squaddeathmatch",
      "levels/xp2_palace/domination",
      "levels/xp2_palace/xp2_palace_uiloadingsp",
      "levels/xp2_palace/xp2_palace_gameconfiglight_win32",
      "levels/xp2_palace/xp2_palace",
      "levels/xp2_palace/deathmatch",
      "levels/xp2_palace/teamdeathmatch",
      "levels/xp2_palace/xp2_palace_loading_music",
      "levels/xp2_palace/xp2_palace_uiloadingmp",
      "levels/xp2_palace/xp2_palace_uiendofround"
    ],
    "chunkCount": 0,
    "name": "levels/xp2_palace/xp2_palace"
  },
  "levels/xp2_skybar/xp2_skybar": {
    "bundleCount": 14,
    "bundles": [
      "levels/xp2_skybar/domination",
      "levels/xp2_skybar/xp2_skybar_uipreendofround",
      "levels/xp2_skybar/deathmatch",
      "levels/xp2_skybar/xp2_skybar_uiloadingmp",
      "levels/xp2_skybar/squaddm",
      "levels/xp2_skybar/xp2_skybar_loading_music",
      "levels/xp2_skybar/gunmaster",
      "levels/xp2_skybar/xp2_skybar_uiloadingsp",
      "levels/xp2_skybar/xp2_skybar",
      "levels/xp2_skybar/xp2_skybar_settings_win32",
      "levels/xp2_skybar/xp2_skybar_uiendofround",
      "levels/xp2_skybar/teamdm",
      "levels/xp2_skybar/xp2_skybar_gameconfiglight_win32",
      "levels/xp2_skybar/xp2_skybar_uiplaying"
    ],
    "chunkCount": 0,
    "name": "levels/xp2_skybar/xp2_skybar"
  },
  "levels/xp3_alborz/xp3_alborz": {
    "bundleCount": 19,
    "bundles": [
      "levels/xp3_alborz/xp3_alborz_uipreendofround",
      "levels/xp3_alborz/xp3_alborz_uiloadingmp",
      "levels/xp3_alborz/conquestsmall01",
      "levels/xp3_alborz/xp3_alborz",
      "levels/xp3_alborz/xp3_alborz_gameconfiglight_win32",
      "levels/xp3_alborz/conquestlarge01",
      "levels/xp3_alborz/xp3_alborz_loading_music",
      "levels/xp3_alborz/xp3_alborz_uiloadingsp",
      "levels/xp3_alborz/rushlarge0",
      "levels/xp3_alborz/tanksuperiority",
      "levels/xp3_alborz/xp3_alborz_settings_win32",
      "levels/xp3_alborz/squadrush0",
      "levels/xp3_alborz/xp3_alborz_uiplaying",
      "levels/xp3_alborz/sqdm",
      "levels/xp3_alborz/conquest",
      "levels/xp3_alborz/rush",
      "levels/xp3_alborz/deathmatch",
      "levels/xp3_alborz/xp3_alborz_uiendofround",
      "levels/xp3_alborz/tdm"
    ],
    "chunkCount": 0,
    "name": "levels/xp3_alborz/xp3_alborz"
  },
  "levels/xp3_desert/xp3_desert": {
    "bundleCount": 19,
    "bundles": [
      "levels/xp3_desert/conquestsmall0",
      "levels/xp3_desert/xp3_desert_settings_win32",
      "levels/xp3_desert/xp3_desert_uipreendofround",
      "levels/xp3_desert/rushlarge0",
      "levels/xp3_desert/xp3_desert_uiplaying",
      "levels/xp3_desert/xp3_desert_loading_music",
      "levels/xp3_desert/xp3_desert",
      "levels/xp3_desert/xp3_desert_uiloadingsp",
      "levels/xp3_desert/teamdeathmatch1",
      "levels/xp3_desert/squaddeathmatch1",
      "levels/xp3_desert/conquest",
      "levels/xp3_desert/conquestlarge0",
      "levels/xp3_desert/rush",
      "levels/xp3_desert/xp3_desert_uiendofround",
      "levels/xp3_desert/xp3_desert_gameconfiglight_win32",
      "levels/xp3_desert/deathmatch",
      "levels/xp3_desert/squadrush0",
      "levels/xp3_desert/xp3_desert_uiloadingmp",
      "levels/xp3_desert/tanksuperiority"
    ],
    "chunkCount": 0,
    "name": "levels/xp3_desert/xp3_desert"
  },
  "levels/xp3_shield/xp3_shield": {
    "bundleCount": 19,
    "bundles": [
      "levels/xp3_shield/conquest",
      "levels/xp3_shield/conquestlarge0",
      "levels/xp3_shield/xp3_shield_settings_win32",
      "levels/xp3_shield/xp3_shield",
      "levels/xp3_shield/xp3_shield_uipreendofround",
      "levels/xp3_shield/deathmatch",
      "levels/xp3_shield/squadrush",
      "levels/xp3_shield/xp3_shield_uiendofround",
      "levels/xp3_shield/rushlarge",
      "levels/xp3_shield/xp3_shield_uiloadingsp",
      "levels/xp3_shield/conquestsmall0",
      "levels/xp3_shield/xp3_shield_uiloadingmp",
      "levels/xp3_shield/xp3_shield_loading_music",
      "levels/xp3_shield/rush",
      "levels/xp3_shield/xp3_shield_uiplaying",
      "levels/xp3_shield/sqdm",
      "levels/xp3_shield/tdm",
      "levels/xp3_shield/xp3_shield_gameconfiglight_win32",
      "levels/xp3_shield/tanksuperiority"
    ],
    "chunkCount": 0,
    "name": "levels/xp3_shield/xp3_shield"
  },
  "levels/xp3_valley/xp3_valley": {
    "bundleCount": 18,
    "bundles": [
      "levels/xp3_valley/rush",
      "levels/xp3_valley/xp3_valley_uiloadingsp",
      "levels/xp3_valley/xp3_valley_settings_win32",
      "levels/xp3_valley/xp3_valley_uiendofround",
      "levels/xp3_valley/xp3_valley_loading_music",
      "levels/xp3_valley/xp3_valley",
      "levels/xp3_valley/tanksuperiority",
      "levels/xp3_valley/squadrush",
      "levels/xp3_valley/xp3_valley_uiplaying",
      "levels/xp3_valley/cql0",
      "levels/xp3_valley/sqdm",
      "levels/xp3_valley/conquest",
      "levels/xp3_valley/xp3_valley_gameconfiglight_win32",
      "levels/xp3_valley/deathmatch",
      "levels/xp3_valley/xp3_valley_uiloadingmp",
      "levels/xp3_valley/xp3_valley_uipreendofround",
      "levels/xp3_valley/cqs0",
      "levels/xp3_valley/tdm"
    ],
    "chunkCount": 0,
    "name": "levels/xp3_valley/xp3_valley"
  },
  "levels/xp4_fd/xp4_fd": {
    "bundleCount": 20,
    "bundles": [
      "levels/xp4_fd/squaddeathmatch",
      "levels/xp4_fd/squadrush",
      "levels/xp4_fd/conquest",
      "levels/xp4_fd/xp4_fd_gameconfiglight_win32",
      "levels/xp4_fd/xp4_fd_uipreendofround",
      "levels/xp4_fd/xp4_fd_settings_win32",
      "levels/xp4_fd/xp4_fd_uiplaying",
      "levels/xp4_fd/scavenger_v2",
      "levels/xp4_fd/xp4_fd_uiendofround",
      "levels/xp4_fd/deathmatch",
      "levels/xp4_fd/rush",
      "levels/xp4_fd/xp4_fd_uiloadingmp",
      "levels/xp4_fd/xp4_fd_loading_music",
      "levels/xp4_fd/gunmaster",
      "levels/xp4_fd/rushes",
      "levels/xp4_fd/teamdeathmatch",
      "levels/xp4_fd/xp4_fd_uiloadingsp",
      "levels/xp4_fd/xp4_fd",
      "levels/xp4_fd/conquest_small0",
      "levels/xp4_fd/conquest_large"
    ],
    "chunkCount": 0,
    "name": "levels/xp4_fd/xp4_fd"
  },
  "levels/xp4_parl/xp4_parl": {
    "bundleCount": 20,
    "bundles": [
      "levels/xp4_parl/gunmaster",
      "levels/xp4_parl/xp4_parl_uiplaying",
      "levels/xp4_parl/xp4_parl_uiloadingsp",
      "levels/xp4_parl/teamdeathmatch",
      "levels/xp4_parl/xp4_parl",
      "levels/xp4_parl/scavenger",
      "levels/xp4_parl/deathmatch",
      "levels/xp4_parl/squaddeathmatch",
      "levels/xp4_parl/xp4_parl_loading_music",
      "levels/xp4_parl/squadrush",
      "levels/xp4_parl/rush",
      "levels/xp4_parl/rushlarge",
      "levels/xp4_parl/xp4_parl_settings_win32",
      "levels/xp4_parl/xp4_parl_gameconfiglight_win32",
      "levels/xp4_parl/conquest",
      "levels/xp4_parl/conquest_small",
      "levels/xp4_parl/xp4_parl_uipreendofround",
      "levels/xp4_parl/conquest_large",
      "levels/xp4_parl/xp4_parl_uiloadingmp",
      "levels/xp4_parl/xp4_parl_uiendofround"
    ],
    "chunkCount": 0,
    "name": "levels/xp4_parl/xp4_parl"
  },
  "levels/xp4_quake/xp4_quake": {
    "bundleCount": 20,
    "bundles": [
      "levels/xp4_quake/scavenger",
      "levels/xp4_quake/deathmatch",
      "levels/xp4_quake/squadrush",
      "levels/xp4_quake/xp4_quake_uiendofround",
      "levels/xp4_quake/teamdeathmatch",
      "levels/xp4_quake/conquest_small",
      "levels/xp4_quake/xp4_quake",
      "levels/xp4_quake/xp4_quake_uipreendofround",
      "levels/xp4_quake/rushes",
      "levels/xp4_quake/xp4_quake_settings_win32",
      "levels/xp4_quake/xp4_quake_loading_music",
      "levels/xp4_quake/xp4_quake_uiloadingmp",
      "levels/xp4_quake/gunmaster",
      "levels/xp4_quake/xp4_quake_gameconfiglight_win32",
      "levels/xp4_quake/conquest_large",
      "levels/xp4_quake/conquest",
      "levels/xp4_quake/xp4_quake_uiplaying",
      "levels/xp4_quake/squaddeathmatch",
      "levels/xp4_quake/xp4_quake_uiloadingsp",
      "levels/xp4_quake/rushlarge"
    ],
    "chunkCount": 0,
    "name": "levels/xp4_quake/xp4_quake"
  },
  "levels/xp4_rubble/xp4_rubble": {
    "bundleCount": 20,
    "bundles": [
      "levels/xp4_rubble/rush_large",
      "levels/xp4_rubble/xp4_rubble_loading_music",
      "levels/xp4_rubble/conquest_small",
      "levels/xp4_rubble/xp4_rubble_uiloadingmp",
      "levels/xp4_rubble/scavenger",
      "levels/xp4_rubble/conquest",
      "levels/xp4_rubble/rushes",
      "levels/xp4_rubble/xp4_rubble_uiloadingsp",
      "levels/xp4_rubble/xp4_rubble_settings_win32",
      "levels/xp4_rubble/xp4_rubble_uiendofround",
      "levels/xp4_rubble/squad_rush",
      "levels/xp4_rubble/xp4_rubble_uipreendofround",
      "levels/xp4_rubble/deatmatch",
      "levels/xp4_rubble/teamdeathmatch",
      "levels/xp4_rubble/conquest_large",
      "levels/xp4_rubble/xp4_rubble",
      "levels/xp4_rubble/xp4_rubble_uiplaying",
      "levels/xp4_rubble/gunmaster",
      "levels/xp4_rubble/xp4_rubble_gameconfiglight_win32",
      "levels/xp4_rubble/squaddeathmatch"
    ],
    "chunkCount": 0,
    "name": "levels/xp4_rubble/xp4_rubble"
  },
  "levels/xp5_001/xp5_001": {
    "bundleCount": 19,
    "bundles": [
      "levels/xp5_001/cql",
      "levels/xp5_001/conquest",
      "levels/xp5_001/air_superiority",
      "levels/xp5_001/xp5_001_uiplaying",
      "levels/xp5_001/xp5_001_loading_music",
      "levels/xp5_001/xp5_001",
      "levels/xp5_001/xp5_001_uiloadingmp",
      "levels/xp5_001/rush",
      "levels/xp5_001/cqs",
      "levels/xp5_001/xp5_001_uiloadingsp",
      "levels/xp5_001/ctf",
      "levels/xp5_001/xp5_001_uiendofround",
      "levels/xp5_001/xp5_001_uipreendofround",
      "levels/xp5_001/xp5_001_settings_win32",
      "levels/xp5_001/sqdm",
      "levels/xp5_001/dm",
      "levels/xp5_001/xp5_001_gameconfiglight_win32",
      "levels/xp5_001/squadrush",
      "levels/xp5_001/tdm"
    ],
    "chunkCount": 0,
    "name": "levels/xp5_001/xp5_001"
  },
  "levels/xp5_002/xp5_002": {
    "bundleCount": 19,
    "bundles": [
      "levels/xp5_002/tdm",
      "levels/xp5_002/rush",
      "levels/xp5_002/ctf",
      "levels/xp5_002/cqs",
      "levels/xp5_002/squadrush",
      "levels/xp5_002/air_superiority",
      "levels/xp5_002/xp5_002_settings_win32",
      "levels/xp5_002/xp5_002_uiloadingsp",
      "levels/xp5_002/xp5_002_uiendofround",
      "levels/xp5_002/xp5_002",
      "levels/xp5_002/sqdm",
      "levels/xp5_002/dm",
      "levels/xp5_002/xp5_002_gameconfiglight_win32",
      "levels/xp5_002/xp5_002_loading_music",
      "levels/xp5_002/xp5_002_uiplaying",
      "levels/xp5_002/cql",
      "levels/xp5_002/xp5_002_uiloadingmp",
      "levels/xp5_002/xp5_002_uipreendofround",
      "levels/xp5_002/conquest"
    ],
    "chunkCount": 0,
    "name": "levels/xp5_002/xp5_002"
  },
  "levels/xp5_003/xp5_003": {
    "bundleCount": 19,
    "bundles": [
      "levels/xp5_003/cqs",
      "levels/xp5_003/xp5_003_loading_music",
      "levels/xp5_003/cql",
      "levels/xp5_003/xp5_003_gameconfiglight_win32",
      "levels/xp5_003/airsueriority",
      "levels/xp5_003/xp5_003",
      "levels/xp5_003/squadrush",
      "levels/xp5_003/conquest",
      "levels/xp5_003/rush",
      "levels/xp5_003/xp5_003_uiendofround",
      "levels/xp5_003/xp5_003_uiplaying",
      "levels/xp5_003/ctf",
      "levels/xp5_003/dm",
      "levels/xp5_003/xp5_003_uiloadingmp",
      "levels/xp5_003/xp5_003_settings_win32",
      "levels/xp5_003/sqdm",
      "levels/xp5_003/xp5_003_uiloadingsp",
      "levels/xp5_003/xp5_003_uipreendofround",
      "levels/xp5_003/tdm"
    ],
    "chunkCount": 0,
    "name": "levels/xp5_003/xp5_003"
  },
  "levels/xp5_004/xp5_004": {
    "bundleCount": 19,
    "bundles": [
      "levels/xp5_004/xp5_004_uiplaying",
      "levels/xp5_004/tdm",
      "levels/xp5_004/xp5_004_gameconfiglight_win32",
      "levels/xp5_004/ctf",
      "levels/xp5_004/xp5_004_uiloadingsp",
      "levels/xp5_004/conquest",
      "levels/xp5_004/cqs",
      "levels/xp5_004/xp5_004_loading_music",
      "levels/xp5_004/sqdm",
      "levels/xp5_004/squadrush",
      "levels/xp5_004/rush",
      "levels/xp5_004/xp5_004_uipreendofround",
      "levels/xp5_004/xp5_004_uiendofround",
      "levels/xp5_004/xp5_004",
      "levels/xp5_004/cql",
      "levels/xp5_004/airsuperiority",
      "levels/xp5_004/dm",
      "levels/xp5_004/xp5_004_settings_win32",
      "levels/xp5_004/xp5_004_uiloadingmp"
    ],
    "chunkCount": 0,
    "name": "levels/xp5_004/xp5_004"
  },
  "loc/en": {
    "bundleCount": 0,
    "bundles": [],
    "chunkCount": 4290,
    "name": "loc/en"
  },
  "mpchunks": {
    "bundleCount": 0,
    "bundles": [],
    "chunkCount": 11910,
    "name": "mpchunks"
  },
  "spchunks": {
    "bundleCount": 0,
    "bundles": [],
    "chunkCount": 7979,
    "name": "spchunks"
  },
  "ui": {
    "bundleCount": 54,
    "bundles": [
      "ui/flow/bundle/staticbundle",
      "ui/static/ondemandfontcollection/storefontcollection_ko_fontlib_bundle",
      "ui/static/fontcollection_fr_fontlib_bundle",
      "ui/uimodmetadata_bundle",
      "ui/uilicensemetadata_bundle",
      "ui/static/fontcollection_ko_fontlib_bundle",
      "ui/flow/bundle/preeorbundle",
      "ui/uivehiclemetadata_bundle",
      "ui/static/fontcollection_en_fontlib_bundle",
      "ui/static/ondemandfontcollection/eulafontcollection_en_fontlib_bundle",
      "ui/uivehicleaccessorymetadata_bundle",
      "ui/static/ondemandfontcollection/eulafontcollection_zh_fontlib_bundle",
      "ui/uiweaponmetadata_bundle",
      "ui/uikititemmetadata_bundle",
      "ui/static/ondemandfontcollection/eulafontcollection_es_fontlib_bundle",
      "ui/static/ondemandfontcollection/storefontcollection_ru_fontlib_bundle",
      "ui/uimetadata_bundle",
      "ui/uigamemodemetadata_bundle",
      "ui/static/ondemandfontcollection/storefontcollection_cs_fontlib_bundle",
      "ui/static/ondemandfontcollection/storefontcollection_zh_fontlib_bundle",
      "ui/static/fontcollection_es_fontlib_bundle",
      "ui/static/fontcollection_cs_fontlib_bundle",
      "ui/static/ondemandfontcollection/eulafontcollection_ja_fontlib_bundle",
      "ui/uiweaponaccessorymetadata_bundle",
      "ui/static/fontcollection_ru_fontlib_bundle",
      "ui/flow/bundle/eorbundle",
      "ui/static/ondemandfontcollection/storefontcollection_en_fontlib_bundle",
      "ui/static/ondemandfontcollection/eulafontcollection_cs_fontlib_bundle",
      "ui/uispecializationmetadata_bundle",
      "ui/static/ondemandfontcollection/eulafontcollection_ru_fontlib_bundle",
      "ui/static/ondemandfontcollection/storefontcollection_de_fontlib_bundle",
      "ui/flow/bundle/loadingbundlemp",
      "ui/static/ondemandfontcollection/storefontcollection_pl_fontlib_bundle",
      "ui/static/ondemandfontcollection/eulafontcollection_fr_fontlib_bundle",
      "ui/static/ondemandfontcollection/eulafontcollection_de_fontlib_bundle",
      "ui/static/fontcollection_de_fontlib_bundle",
      "ui/static/ondemandfontcollection/storefontcollection_ja_fontlib_bundle",
      "ui/static/fontcollection_zh_fontlib_bundle",
      "ui/flow/bundle/loadingbundlesp",
      "ui/static/ondemandfontcollection/storefontcollection_fr_fontlib_bundle",
      "ui/uilevelmetadata_bundle",
      "ui/uivehicleweaponmetadata_bundle",
      "ui/uicamometadata_bundle",
      "ui/static/ondemandfontcollection/storefontcollection_es_fontlib_bundle",
      "ui/flow/bundle/mainmenubundle",
      "ui/static/ondemandfontcollection/eulafontcollection_pl_fontlib_bundle",
      "ui/flow/bundle/ingamebundlemp",
      "ui/static/fontcollection_ja_fontlib_bundle",
      "ui/static/ondemandfontcollection/eulafontcollection_it_fontlib_bundle",
      "ui/static/fontcollection_pl_fontlib_bundle",
      "ui/static/fontcollection_it_fontlib_bundle",
      "ui/flow/bundle/ingamebundlesp",
      "ui/static/ondemandfontcollection/eulafontcollection_ko_fontlib_bundle",
      "ui/static/ondemandfontcollection/storefontcollection_it_fontlib_bundle"
    ],
    "chunkCount": 0,
    "name": "ui"
  },
  "weapons": {
    "bundleCount": 105,
    "bundles": [
      "weapons/fim92a/fim92a_sp_valley_soldierweaponbundle",
      "weapons/mk11/mk11_soldierweaponbundle",
      "weapons/smaw/smaw_soldierweaponbundle",
      "weapons/xp1_l85a2/l85a2_soldierweaponbundle",
      "weapons/magpulpdr/magpulpdr_soldierweaponbundle",
      "weapons/rpg7/rpg7_soldierweaponbundle",
      "weapons/xp1_famas/famas_soldierweaponbundle",
      "weapons/p90/p90_soldierweaponbundle",
      "weapons/m1014/m1014_soldierweaponbundle",
      "weapons/m40a5/m40a5_soldierweaponbundle",
      "weapons/g36c/g36c_soldierweaponbundle",
      "weapons/model98b/model_98b_soldierweaponbundle",
      "weapons/m249/m249_soldierweaponbundle",
      "weapons/m4a1/m4a1_soldierweaponbundle",
      "weapons/m16a4/m16a4_soldierweaponbundle",
      "weapons/machete/machete_soldierweaponbundle",
      "weapons/glock18/glock18_soldierweaponbundle",
      "weapons/gadgets/repairtool/repairtool_soldierweaponbundle",
      "weapons/svd/svd_soldierweaponbundle",
      "weapons/dao-12/dao-12_soldierweaponbundle",
      "weapons/xp2_steyraug/steyraug_soldierweaponbundle",
      "weapons/xp4_crossbow_prototype/xp4_crossbow_prototype_soldierweaponbundle",
      "weapons/mp443/mp443_soldierweaponbundle",
      "weapons/gadgets/m224/m224_sponly_soldierweaponbundle",
      "weapons/pecheneg/pecheneg_soldierweaponbundle",
      "weapons/mp443/mp443_gm_soldierweaponbundle",
      "weapons/ump45/ump45_soldierweaponbundle",
      "weapons/gadgets/m15/m15_soldierweaponbundle",
      "weapons/xp1_mg36/mg36_soldierweaponbundle",
      "weapons/p90/p90_gm_soldierweaponbundle",
      "weapons/xp1_jackhammer/jackhammer_soldierweaponbundle",
      "weapons/xp2_scar-l/scar-l_soldierweaponbundle",
      "weapons/mp7/mp7_soldierweaponbundle",
      "weapons/taurus44/taurus44_gm_soldierweaponbundle",
      "weapons/m60/m60_soldierweaponbundle",
      "weapons/kh2002/kh2002_soldierweaponbundle",
      "weapons/xp2_knife_razorblade/knife_razorblade_soldierweaponbundle",
      "weapons/m27iar/m27iar_soldierweaponbundle",
      "weapons/fim92a/fim92a_soldierweaponbundle",
      "weapons/gadgets/m224/m224_soldierweaponbundle",
      "weapons/usas-12/usas-12_soldierweaponbundle",
      "weapons/rpk/rpk_soldierweaponbundle",
      "weapons/xp1_qbu-88/qbu-88_soldierweaponbundle",
      "weapons/remington870/remington870mcs_soldierweaponbundle",
      "weapons/gadgets/ammobag/ammobag_soldierweaponbundle",
      "weapons/xp1_l96/l96_soldierweaponbundle",
      "weapons/a91/a91_soldierweaponbundle",
      "weapons/m416/m416_soldierweaponbundle",
      "weapons/gadgets/medicbag/medicbag_soldierweaponbundle",
      "weapons/rpg7/rpg7_ai_soldierweaponbundle",
      "weapons/taurus44/taurus44_soldierweaponbundle",
      "weapons/xp2_acr/acr_soldierweaponbundle",
      "weapons/mp412rex/mp412rex_soldierweaponbundle",
      "weapons/xp1_qbz-95b/qbz-95b_soldierweaponbundle",
      "weapons/weapon_dummy/weapon_dummy_soldierweaponbundle",
      "weapons/f2000/f2000_soldierweaponbundle",
      "weapons/xp1_hk53/hk53_soldierweaponbundle",
      "weapons/xp2_mtar/mtar_soldierweaponbundle",
      "weapons/gadgets/m26mass/m26mass_soldierweaponbundle",
      "weapons/handcuffs/handcuff_soldierweaponbundle",
      "weapons/m39ebr/m39ebr_soldierweaponbundle",
      "weapons/gadgets/mav/mav_pda_soldierweaponbundle",
      "weapons/gadgets/claymore/claymore_soldierweaponbundle",
      "weapons/xp2_jng90/jng90_soldierweaponbundle",
      "weapons/gadgets/eodbot/eodbot_pda_soldierweaponbundle",
      "weapons/gadgets/m320/m320_soldierweaponbundle",
      "weapons/xp2_mp5k/mp5k_soldierweaponbundle",
      "weapons/m82a3/m82a3_soldierweaponbundle",
      "weapons/m93r/m93r_soldierweaponbundle",
      "weapons/m67/m67_soldierweaponbundle",
      "weapons/m9/m9_soldierweaponbundle",
      "weapons/pp2000/pp2000_soldierweaponbundle",
      "weapons/gadgets/t-ugs/t-ugs_soldierweaponbundle",
      "weapons/m136/m136_soldierweaponbundle",
      "weapons/m67/m67_ai_soldierweaponbundle",
      "weapons/sg553lb/sg553lb_soldierweaponbundle",
      "weapons/fgm148/fgm148_sp_soldierweaponbundle",
      "weapons/ak74m/ak74_soldierweaponbundle",
      "weapons/sa18igla/sa18igla_soldierweaponbundle",
      "weapons/xp1_qbb-95/qbb-95_soldierweaponbundle",
      "weapons/gadgets/soflam/soflam_pda_soldierweaponbundle",
      "weapons/sks/sks_soldierweaponbundle",
      "weapons/an94/an94_soldierweaponbundle",
      "weapons/gadgets/c4/c4_soldierweaponbundle",
      "weapons/xp2_l86/l86_soldierweaponbundle",
      "weapons/xp2_spas12/spas12_soldierweaponbundle",
      "weapons/aek971/aek971_soldierweaponbundle",
      "weapons/sv98/sv98_soldierweaponbundle",
      "weapons/m1911/m1911_soldierweaponbundle",
      "weapons/fgm148/fgm148_soldierweaponbundle",
      "weapons/m240/m240_soldierweaponbundle",
      "weapons/xp2_lsat/lsat_soldierweaponbundle",
      "weapons/asval/asval_soldierweaponbundle",
      "weapons/gadgets/radiobeacon/radio_beacon_soldierweaponbundle",
      "weapons/type88/type88_soldierweaponbundle",
      "weapons/m9/m9_gm_soldierweaponbundle",
      "weapons/scar-h/scar-h_soldierweaponbundle",
      "weapons/knife/knife_soldierweaponbundle",
      "weapons/xp2_hk417/hk417_soldierweaponbundle",
      "weapons/saiga20k/saiga_20k_soldierweaponbundle",
      "weapons/gadgets/defibrillator/defibrillator_soldierweaponbundle",
      "weapons/xp1_pp-19/pp-19_soldierweaponbundle",
      "weapons/m93r/m93r_gm_soldierweaponbundle",
      "weapons/aks74u/aks74u_soldierweaponbundle",
      "weapons/g3a3/g3a3_soldierweaponbundle"
    ],
    "chunkCount": 0,
    "name": "weapons"
  },
  "xp1chunks": {
    "bundleCount": 0,
    "bundles": [],
    "chunkCount": 1717,
    "name": "xp1chunks"
  },
  "xp2chunks": {
    "bundleCount": 0,
    "bundles": [],
    "chunkCount": 2947,
    "name": "xp2chunks"
  },
  "xp3chunks": {
    "bundleCount": 0,
    "bundles": [],
    "chunkCount": 3698,
    "name": "xp3chunks"
  },
  "xp4chunks": {
    "bundleCount": 0,
    "bundles": [],
    "chunkCount": 2705,
    "name": "xp4chunks"
  },
  "xp5chunks": {
    "bundleCount": 0,
    "bundles": [],
    "chunkCount": 3235,
    "name": "xp5chunks"
  }
}